企業論のすべて,社会,日本文化社,山野辺一郎,,,,,,END
政治の在り方,社会,日本文化社,川上達也,,,,,,END
未来のジェンダー論,社会,日本文化社,鈴木由美子,,,,,,END
あるべき指導者の姿,社会,文芸社,牧野健,,,,,,END
株の賢い運用方法,社会,文芸社,迫田正樹,,,,,,END
外交の論点,社会,文芸社,本田翔,,,,,,END
常識,社会,文芸社,正木智一,,,,,,END
未来のAIが及ぼす影響,社会,文芸社,元木大智,,,,,,END
私の哲学,社会,文芸社,高橋譲,,,,,,END
SNSとの付き合い方,社会,文芸社,河野勝,,,,,,END
湯煙殺人事件,ミステリー,東山堂,秦春人,,,,,,END
真相をお話しします,ミステリー,東山堂,阿部亮,,,,,,END
捜査二課長,ミステリー,東山堂,木下亜美,,,,,,END
名探偵のルール,ミステリー,夕日出版社,細田英二,,,,,,END
箱とキツネと、リンゴ,ミステリー,夕日出版社,馬場連,,,,,,END
蜂の住処,ミステリー,夕日出版社,岡本悠馬,,,,,,END
偽り,ミステリー,夕日出版社,神田誠一,,,,,,END
真夜中のレプリカたち,ミステリー,山川書店,出井竜馬,,,,,,END
月の雫,ミステリー,山川書店,石井昭,,,,,,END
迷宮,ミステリー,山川書店,近藤穂香,,,,,,END
春の音,ファンタジー,公立出版,工藤仁,,,,,,END
約束の星,ファンタジー,公立出版,渡辺聡,,,,,,END
遠くの星から来たりしもの,ファンタジー,公立出版,吉田直樹,,,,,,END
遥かなる空,ファンタジー,公立出版,内田太一,,,,,,END
君宛,ファンタジー,海雲社,三戸部さくら,,,,,,END
冷たい魔法,ファンタジー,海雲社,園部朱莉,,,,,,END
未来を追うもの,ファンタジー,海雲社,佐々木祈里,,,,,,END
優しい悪魔,ファンタジー,海雲社,加藤斗真,,,,,,END
幻想の訪ね人,ファンタジー,丸川社,菊池淳,,,,,,END
竜の剣,ファンタジー,丸川社,江原誠,,,,,,END
これが私,エッセイ,令文社,鈴木七恵,,,,,,END
パイナップルの缶詰,エッセイ,令文社,服部加奈,,,,,,END
斜めの視方,エッセイ,令文社,篠原京子,,,,,,END
一汁一菜で十分,エッセイ,令文社,原田幸太郎,,,,,,END
ぼくはレッドで、ブラックで、ちょっとブルー,エッセイ,黒泉社,田辺風馬,,,,,,END
ゆとりのある人生,エッセイ,黒泉社,長野進,,,,,,END
はすむかいの脳世界,エッセイ,黒泉社,三浦寛太,,,,,,END
考えすぎちゃう,エッセイ,黒泉社,坂本海斗,,,,,,END
日々、晴れ晴れ,エッセイ,黒泉社,豊島玲,,,,,,END
うちの猫が可愛すぎる,エッセイ,黒泉社,長谷川由紀,,,,,,END
日本古代史,歴史,西江堂,綾部千秋,,,,,,END
国道16号線_日本の始まりの道,歴史,西江堂,高坂真央,,,,,,END
天皇とは何か,歴史,西江堂,財前光,,,,,,END
イタリア古寺巡礼,歴史,木波書店,相川詩織,,,,,,END
ハワイ聖地巡礼,歴史,木波書店,折川博人,,,,,,END
中世ヨーロッパにおける階級制度,歴史,木波書店,中原壮太,,,,,,END
歴史から学ぶ失敗談,歴史,幻秋舎,菅原幸喜,,,,,,END
読むだけでスッキリわかる日本史,歴史,幻秋舎,瀬戸凛,,,,,,END
歴史探偵ロマン,歴史,幻秋舎,小笠原元樹,,,,,,END
一冊でわかるアメリカの歴史,歴史,幻秋舎,高原穂積,,,,,,END
真実,ノンフィクション,桜英社,葉山徹,,,,,,END
私の道,ノンフィクション,桜英社,手塚元,,,,,,END
こうして私は大統領になった,ノンフィクション,桜英社,小野大和,,,,,,END
8つの習慣,ノンフィクション,桜英社,野口圭太,,,,,,END
マリー先生との火曜日,ノンフィクション,大和社,木田義治,,,,,,END
二平方メートルの世界で,ノンフィクション,大和社,登坂小太郎,,,,,,END
窓際のコッコちゃん,ノンフィクション,大和社,浦部和樹,,,,,,END
私から見える世界,ノンフィクション,大和社,千田瑞樹,,,,,,END
マイストーリーズ,ノンフィクション,大和社,今野道治,,,,,,END
クライシス,ノンフィクション,大和社,水野瑛人,,,,,,END
